title,subtitle,city
Korean BBQ - Only #1,"Only the #1 BBQ spot per genre, regularly updated.",Seoul
Lost in Mangwon-Dong,"Charming shops, food, and streets to wander in Mangwon-dong.",Seoul
Busan with friends,"Our friends' favorite BBQ, cafes, bars, and bakeries in Busan.",Busan
Gwangjang Market Essentials,Seoul's most iconic market through a local's eyes.,Seoul
The Softer Side of Seoul: Yeonhui,An emerging neighborhood of charming cafés and indie shops.,Seoul
Mimyo’s Everyday Euljiro,Everyday Euljiro spots I keep coming back to.,Seoul
Yeonhui-dong,Quiet streets and thoughtfully designed cafés made for slowing down.,Seoul
Noodle Goodness,Only the #1 spot for each ramen style.,Seoul
Inspiration seongsu,Where I find inspiration in Seoul's most creative neighborhood.,Seongsu
